mode,concurrency,metric,median,mean,std,min,max,ci95_lo,ci95_hi,n
disabled,100,rps,3779.83,3654.34,409.64,3086.61,4020.75,3145.79,4162.89,5
disabled,100,mean_latency_ms,25.53,26.83,3.14,24.1,31.24,22.94,30.72,5
disabled,100,p50_ms,21.31,21.89,1.11,20.76,23.28,20.51,23.28,5
disabled,100,p95_ms,54.82,55.28,10.38,42.44,66.84,42.38,68.17,5
disabled,100,p99_ms,100.59,112.25,43.58,78.01,184.39,58.15,166.36,5
disabled,100,errors,0,0.0,0.0,0,0,0.0,0.0,5
disabled,100,downstream,5000,5000.0,0.0,5000,5000,5000.0,5000.0,5
disabled,100,deny,0,0.0,0.0,0,0,0.0,0.0,5
disabled,500,rps,3808.57,3563.44,778.27,2287.91,4311.23,2597.24,4529.63,5
disabled,500,mean_latency_ms,119.52,137.38,40.51,110.11,207.22,87.09,187.66,5
disabled,500,p50_ms,101.08,109.06,24.04,92.28,151.08,79.22,138.91,5
disabled,500,p95_ms,236.56,373.32,266.41,222.82,842.21,42.57,704.06,5
disabled,500,p99_ms,282.39,503.74,457.95,265.67,1318.69,-64.8,1072.27,5
disabled,500,errors,0,69.2,154.74,0,346,-122.9,261.3,5
disabled,500,downstream,5000,4930.8,154.74,4654,5000,4738.7,5122.9,5
disabled,500,deny,0,0.0,0.0,0,0,0.0,0.0,5
disabled,1000,rps,3999.19,3815.47,1037.92,2053.38,4731.67,2526.93,5104.01,5
disabled,1000,mean_latency_ms,214.96,249.9,108.82,166.74,440.39,114.8,384.99,5
disabled,1000,p50_ms,199.16,219.08,83.36,139.26,360.23,115.59,322.56,5
disabled,1000,p95_ms,370.17,477.79,257.64,340.97,937.04,157.93,797.64,5
disabled,1000,p99_ms,539.06,625.08,301.74,400.68,1151.88,250.48,999.68,5
disabled,1000,errors,0,78.4,175.31,0,392,-139.24,296.04,5
disabled,1000,downstream,5000,4921.6,175.31,4608,5000,4703.96,5139.24,5
disabled,1000,deny,0,0.0,0.0,0,0,0.0,0.0,5
local,100,rps,3139.11,3169.51,282.98,2796.84,3563.88,2818.2,3520.82,5
local,100,mean_latency_ms,31.21,31.01,2.84,27.18,34.84,27.48,34.53,5
local,100,p50_ms,24.68,24.72,2.32,22.41,28.07,21.84,27.6,5
local,100,p95_ms,70.03,72.23,7.52,62.4,81.72,62.89,81.57,5
local,100,p99_ms,94.34,104.0,22.91,76.38,131.75,75.55,132.44,5
local,100,errors,0,0.0,0.0,0,0,0.0,0.0,5
local,100,downstream,5000,5000.0,0.0,5000,5000,5000.0,5000.0,5
local,100,deny,0,0.0,0.0,0,0,0.0,0.0,5
local,500,rps,3908.04,3582.36,760.93,2272.89,4114.62,2637.7,4527.02,5
local,500,mean_latency_ms,116.92,138.02,40.37,116.21,209.36,87.9,188.14,5
local,500,p50_ms,114.21,112.7,7.82,100.6,120.31,102.99,122.41,5
local,500,p95_ms,223.65,309.3,195.87,184.46,655.88,66.13,552.47,5
local,500,p99_ms,260.45,455.35,416.28,221.74,1195.89,-61.45,972.15,5
local,500,errors,0,30.0,67.08,0,150,-53.28,113.28,5
local,500,downstream,5000,4970.0,67.08,4850,5000,4886.72,5053.28,5
local,500,deny,0,0.0,0.0,0,0,0.0,0.0,5
local,1000,rps,3810.19,3544.81,900.95,1982.41,4225.42,2426.31,4663.31,5
local,1000,mean_latency_ms,229.88,277.61,110.31,214.38,473.74,140.66,414.56,5
local,1000,p50_ms,215.63,255.99,98.78,200.61,432.13,133.36,378.62,5
local,1000,p95_ms,410.42,509.17,240.79,351.78,935.91,210.23,808.1,5
local,1000,p99_ms,484.94,597.63,292.97,393.07,1115.31,233.92,961.34,5
local,1000,errors,0,42.2,94.36,0,211,-74.95,159.35,5
local,1000,downstream,5000,4957.8,94.36,4789,5000,4840.65,5074.95,5
local,1000,deny,0,0.0,0.0,0,0,0.0,0.0,5
otlp,100,rps,2984.06,2968.28,366.45,2407.7,3408.84,2513.35,3423.21,5
otlp,100,mean_latency_ms,32.83,33.42,4.37,28.56,40.42,27.99,38.84,5
otlp,100,p50_ms,26.41,26.36,2.41,24.22,30.18,23.37,29.35,5
otlp,100,p95_ms,85.05,82.47,20.74,53.69,109.96,56.72,108.21,5
otlp,100,p99_ms,113.9,116.96,11.64,105.32,135.3,102.5,131.41,5
otlp,100,errors,0,0.0,0.0,0,0,0.0,0.0,5
otlp,100,downstream,5000,5000.0,0.0,5000,5000,5000.0,5000.0,5
otlp,100,deny,0,0.0,0.0,0,0,0.0,0.0,5
otlp,500,rps,3033.94,2851.62,494.58,1973.38,3155.61,2237.62,3465.62,5
otlp,500,mean_latency_ms,156.71,169.71,40.92,134.43,240.39,118.91,220.52,5
otlp,500,p50_ms,134.93,141.38,20.6,118.33,172.89,115.81,166.96,5
otlp,500,p95_ms,339.71,360.75,127.5,250.67,577.12,202.46,519.04,5
otlp,500,p99_ms,453.73,708.92,692.52,309.39,1943.02,-150.82,1568.67,5
otlp,500,errors,0,18.6,41.59,0,93,-33.03,70.23,5
otlp,500,downstream,5000,4981.4,41.59,4907,5000,4929.77,5033.03,5
otlp,500,deny,0,0.0,0.0,0,0,0.0,0.0,5
otlp,1000,rps,3159.17,2836.4,880.79,1322.03,3461.06,1742.94,3929.87,5
otlp,1000,mean_latency_ms,290.75,366.74,183.21,270.13,693.65,139.29,594.19,5
otlp,1000,p50_ms,241.37,305.03,160.56,209.85,591.07,105.71,504.36,5
otlp,1000,p95_ms,621.74,733.7,333.68,470.45,1312.56,319.45,1147.95,5
otlp,1000,p99_ms,723.13,886.18,405.33,596.26,1596.33,382.97,1389.38,5
otlp,1000,errors,0,55.2,123.43,0,276,-98.04,208.44,5
otlp,1000,downstream,5000,4944.8,123.43,4724,5000,4791.56,5098.04,5
otlp,1000,deny,0,0.0,0.0,0,0,0.0,0.0,5
